{
  "object": "database",
  "parent": {
    "type": "page_id",
    "page_id": "work2027-implementation-tracker"
  },
  "title": [
    {
      "type": "text",
      "text": {
        "content": "🚀 Work 2027 Implementation Tracker"
      }
    }
  ],
  "properties": {
    "Task": {
      "title": {}
    },
    "Phase": {
      "select": {
        "options": [
          {
            "name": "🏗️ Fase 1: Setup Base",
            "color": "blue"
          },
          {
            "name": "🔄 Fase 2: Integraciones",
            "color": "green"
          },
          {
            "name": "⚙️ Fase 3: Optimización",
            "color": "orange"
          },
          {
            "name": "🧪 Fase 4: Testing",
            "color": "red"
          }
        ]
      }
    },
    "Status": {
      "select": {
        "options": [
          {
            "name": "🔳 Not Started",
            "color": "gray"
          },
          {
            "name": "🔄 In Progress",
            "color": "yellow"
          },
          {
            "name": "✅ Completed",
            "color": "green"
          },
          {
            "name": "⚠️ Issue",
            "color": "red"
          }
        ]
      }
    },
    "Priority": {
      "select": {
        "options": [
          {
            "name": "🔥 Critical",
            "color": "red"
          },
          {
            "name": "⭐ High",
            "color": "orange"
          },
          {
            "name": "📋 Medium",
            "color": "yellow"
          },
          {
            "name": "📝 Low",
            "color": "gray"
          }
        ]
      }
    },
    "Estimated_Time": {
      "number": {
        "format": "number"
      }
    },
    "Platform": {
      "multi_select": {
        "options": [
          {
            "name": "💻 VS Code",
            "color": "blue"
          },
          {
            "name": "🐙 GitHub",
            "color": "purple"
          },
          {
            "name": "🏢 M365",
            "color": "orange"
          },
          {
            "name": "🎤 Samsung",
            "color": "default"
          },
          {
            "name": "📊 Notion",
            "color": "gray"
          },
          {
            "name": "🔄 OneDrive",
            "color": "blue"
          }
        ]
      }
    },
    "Category": {
      "select": {
        "options": [
          {
            "name": "📁 Setup",
            "color": "blue"
          },
          {
            "name": "🔗 Integration",
            "color": "green"
          },
          {
            "name": "🎤 Voice",
            "color": "purple"
          },
          {
            "name": "⚙️ Config",
            "color": "orange"
          },
          {
            "name": "🧪 Testing",
            "color": "red"
          },
          {
            "name": "📊 Analytics",
            "color": "yellow"
          }
        ]
      }
    },
    "Notes": {
      "rich_text": {}
    },
    "Dependencies": {
      "relation": {
        "database_id": "self"
      }
    },
    "Progress": {
      "formula": {
        "expression": "if(prop(\"Status\") == \"✅ Completed\", 100, if(prop(\"Status\") == \"🔄 In Progress\", 50, 0))"
      }
    },
    "Date_Completed": {
      "date": {}
    },
    "Commands_to_Test": {
      "rich_text": {}
    },
    "Success_Criteria": {
      "rich_text": {}
    }
  },
  "is_inline": false,
  "children": [
    {
      "object": "block",
      "type": "heading_2",
      "heading_2": {
        "rich_text": [
          {
            "type": "text",
            "text": {
              "content": "🎯 Dashboard de Progreso Work 2027"
            }
          }
        ]
      }
    },
    {
      "object": "block",
      "type": "paragraph",
      "paragraph": {
        "rich_text": [
          {
            "type": "text",
            "text": {
              "content": "Tracker interactivo para implementación completa del ecosistema Work 2027. Sigue cada paso para garantizar una configuración exitosa."
            }
          }
        ]
      }
    },
    {
      "object": "block",
      "type": "callout",
      "callout": {
        "rich_text": [
          {
            "type": "text",
            "text": {
              "content": "📊 Progreso Total: "
            }
          },
          {
            "type": "text",
            "text": {
              "content": "0/50 tareas completadas (0%)"
            }
          }
        ],
        "icon": {
          "emoji": "🚀"
        },
        "color": "blue_background"
      }
    }
  ]
}